<?xml version="1.0" encoding="UTF-8"?><ValueSet xmlns="http://hl7.org/fhir"><id value="Cs-med-relation-types"/><text><status value="generated"/><div xmlns="http://www.w3.org/1999/xhtml"><ul><li>Include these codes as defined in <a href="http://www.snomed.org/"><code>http://snomed.info/sct</code></a><table class="none"><tr><td style="white-space:nowrap"><b>Code</b></td><td><b>Display</b></td></tr><tr><td><a href="http://snomed.info/id/712843002">712843002</a></td><td>Allergy to celery</td></tr><tr><td><a href="http://snomed.info/id/782575000">782575000</a></td><td>Allergy to lupine seed</td></tr></table></li></ul></div></text><url value="http://example.com/fhir/example/ValueSet/Cs-med-relation-types"/><version value="1.0.0"/><name value="CSMedRelationTypes"/><title value="Marketing Authorization Holder"/><status value="active"/><date value="2022-02-02T09:00:48+00:00"/><publisher value="My Organization"/><contact><name value="My Organization"/><telecom><system value="url"/><value value="http://example.com/committees"/></telecom><telecom><system value="email"/><value value="my-group@example.com"/></telecom></contact><contact><name value="Bob Smith"/><telecom><system value="email"/><value value="bobsmith@example.com"/><use value="work"/></telecom></contact><description value="Marketing Authorization Holder."/><jurisdiction><coding><system value="http://unstats.un.org/unsd/methods/m49/m49.htm"/><code value="001"/><display value="World"/></coding></jurisdiction><compose><include><system value="http://snomed.info/sct"/><concept><code value="712843002"/><display value="Allergy to celery"/></concept><concept><code value="782575000"/><display value="Allergy to lupine seed"/></concept></include></compose></ValueSet>