<?xml version="1.0" encoding="UTF-8"?>

<CodeSystem xmlns="http://hl7.org/fhir">
  <id value="cs-marketingauthorization-holder"/>
  <text>
    <status value="generated"/><div xmlns="http://www.w3.org/1999/xhtml"><p>This code system http://example.com/fhir/example/CodeSystem/cs-marketingauthorization-holder defines the following codes:</p><table class="codes"><tr><td style="white-space:nowrap"><b>Code</b></td><td><b>Display</b></td></tr><tr><td style="white-space:nowrap">000001<a name="cs-marketingauthorization-holder-000001"> </a></td><td>AstraZeneca</td></tr><tr><td style="white-space:nowrap">000002<a name="cs-marketingauthorization-holder-000002"> </a></td><td>Pfizer</td></tr><tr><td style="white-space:nowrap">000003<a name="cs-marketingauthorization-holder-000003"> </a></td><td>Bayer</td></tr></table></div>
  </text>
  <url value="http://example.com/fhir/example/CodeSystem/cs-marketingauthorization-holder"/>
  <version value="1.0.0"/>
  <name value="CSMAHolder"/>
  <title value="Marketing Authorization Holder Code System"/>
  <status value="active"/>
  <date value="2022-03-18T08:28:00+00:00"/>
  <publisher value="My Organization"/>
  <contact>
    <name value="My Organization"/>
    <telecom>
      <system value="url"/>
      <value value="http://example.com/committees"/>
    </telecom>
    <telecom>
      <system value="email"/>
      <value value="my-group@example.com"/>
    </telecom>
  </contact>
  <contact>
    <name value="Bob Smith"/>
    <telecom>
      <system value="email"/>
      <value value="bobsmith@example.com"/>
      <use value="work"/>
    </telecom>
  </contact>
  <description value="Codes for Marketing Authorization Holder"/>
  <jurisdiction>
    <coding>
      <system value="http://unstats.un.org/unsd/methods/m49/m49.htm"/>
      <code value="001"/>
      <display value="World"/>
    </coding>
  </jurisdiction>
  <content value="complete"/>
  <count value="3"/>
  <concept>
    <code value="000001"/>
    <display value="AstraZeneca"/>
  </concept>
  <concept>
    <code value="000002"/>
    <display value="Pfizer"/>
  </concept>
  <concept>
    <code value="000003"/>
    <display value="Bayer"/>
  </concept>
</CodeSystem>