{
  "resourceType" : "Bundle",
  "id" : "b9e570b7-7169-4942-b1df-28ae750acc41",
  "meta" : {
    "lastUpdated" : "2022-02-01T19:36:06.813+00:00"
  },
  "type" : "collection",
  "entry" : [{
    "fullUrl" : "http://example.com/fhir/example/ValueSet/Cs-med-relation-types",
    "resource" : {
      "resourceType" : "ValueSet",
      "id" : "Cs-med-relation-types",
      "text" : {
        "status" : "generated",
        "div" : "<div xmlns=\"http://www.w3.org/1999/xhtml\"><p>This value set contains 2 concepts</p><p style=\"border: black 1px dotted; background-color: #EEEEEE; padding: 8px; margin-bottom: 8px\">Expansion based on SNOMED CT International edition 31-Jul 2021</p><p>All codes in this table are from the system <a href=\"http://terminology.hl7.org/3.0.0/CodeSystem-v3-snomed-CT.html\"><code>http://snomed.info/sct</code></a></p><table class=\"codes\"><tr><td style=\"white-space:nowrap\"><b>Code</b></td><td><b>Display</b></td></tr><tr><td style=\"white-space:nowrap\"><a name=\"http---snomed.info-sct-712843002\"> </a><a href=\"http://snomed.info/id/712843002\">712843002</a></td><td>Allergy to celery</td></tr><tr><td style=\"white-space:nowrap\"><a name=\"http---snomed.info-sct-782575000\"> </a><a href=\"http://snomed.info/id/782575000\">782575000</a></td><td>Allergy to lupine seed</td></tr></table></div>"
      },
      "url" : "http://example.com/fhir/example/ValueSet/Cs-med-relation-types",
      "version" : "1.0.0",
      "name" : "CSMedRelationTypes",
      "title" : "Marketing Authorization Holder",
      "status" : "active",
      "date" : "2022-02-01T19:36:06+00:00",
      "publisher" : "My Organization",
      "contact" : [{
        "name" : "My Organization",
        "telecom" : [{
          "system" : "url",
          "value" : "http://example.com/committees"
        },
        {
          "system" : "email",
          "value" : "my-group@example.com"
        }]
      },
      {
        "name" : "Bob Smith",
        "telecom" : [{
          "system" : "email",
          "value" : "bobsmith@example.com",
          "use" : "work"
        }]
      }],
      "description" : "Marketing Authorization Holder.",
      "jurisdiction" : [{
        "coding" : [{
          "system" : "http://unstats.un.org/unsd/methods/m49/m49.htm",
          "code" : "001",
          "display" : "World"
        }]
      }],
      "expansion" : {
        "identifier" : "urn:uuid:3cefac70-c05b-4c7c-aa77-cc4c9df99fdc",
        "timestamp" : "2022-02-01T19:36:36+00:00",
        "total" : 2,
        "parameter" : [{
          "name" : "excludeNested",
          "valueBoolean" : false
        },
        {
          "name" : "limitedExpansion",
          "valueBoolean" : true
        },
        {
          "name" : "version",
          "valueUri" : "http://snomed.info/sct|http://snomed.info/sct/900000000000207008/version/20210731"
        }],
        "contains" : [{
          "system" : "http://snomed.info/sct",
          "code" : "712843002",
          "display" : "Allergy to celery"
        },
        {
          "system" : "http://snomed.info/sct",
          "code" : "782575000",
          "display" : "Allergy to lupine seed"
        }]
      }
    }
  },
  {
    "fullUrl" : "http://example.com/fhir/example/ValueSet/vs-marketing-authorization-holder",
    "resource" : {
      "resourceType" : "ValueSet",
      "id" : "vs-marketing-authorization-holder",
      "text" : {
        "status" : "generated",
        "div" : "<div xmlns=\"http://www.w3.org/1999/xhtml\"><p>This value set contains 2 concepts</p><p style=\"border: black 1px dotted; background-color: #EEEEEE; padding: 8px; margin-bottom: 8px\">Expansion based on SNOMED CT International edition 31-Jul 2021</p><p>All codes in this table are from the system <a href=\"http://terminology.hl7.org/3.0.0/CodeSystem-v3-snomed-CT.html\"><code>http://snomed.info/sct</code></a></p><table class=\"codes\"><tr><td style=\"white-space:nowrap\"><b>Code</b></td><td><b>Display</b></td></tr><tr><td style=\"white-space:nowrap\"><a name=\"http---snomed.info-sct-712843002\"> </a><a href=\"http://snomed.info/id/712843002\">712843002</a></td><td>Allergy to celery</td></tr><tr><td style=\"white-space:nowrap\"><a name=\"http---snomed.info-sct-782575000\"> </a><a href=\"http://snomed.info/id/782575000\">782575000</a></td><td>Allergy to lupine seed</td></tr></table></div>"
      },
      "url" : "http://example.com/fhir/example/ValueSet/vs-marketing-authorization-holder",
      "version" : "1.0.0",
      "name" : "MAHVS",
      "title" : "Marketing Authorization Holder",
      "status" : "active",
      "date" : "2022-02-01T19:36:06+00:00",
      "publisher" : "My Organization",
      "contact" : [{
        "name" : "My Organization",
        "telecom" : [{
          "system" : "url",
          "value" : "http://example.com/committees"
        },
        {
          "system" : "email",
          "value" : "my-group@example.com"
        }]
      },
      {
        "name" : "Bob Smith",
        "telecom" : [{
          "system" : "email",
          "value" : "bobsmith@example.com",
          "use" : "work"
        }]
      }],
      "description" : "Marketing Authorization Holder.",
      "jurisdiction" : [{
        "coding" : [{
          "system" : "http://unstats.un.org/unsd/methods/m49/m49.htm",
          "code" : "001",
          "display" : "World"
        }]
      }],
      "expansion" : {
        "identifier" : "urn:uuid:878c512a-0cc8-4caf-9cc9-3d5310c7fe90",
        "timestamp" : "2022-02-01T19:36:37+00:00",
        "total" : 2,
        "parameter" : [{
          "name" : "excludeNested",
          "valueBoolean" : false
        },
        {
          "name" : "limitedExpansion",
          "valueBoolean" : true
        },
        {
          "name" : "version",
          "valueUri" : "http://snomed.info/sct|http://snomed.info/sct/900000000000207008/version/20210731"
        }],
        "contains" : [{
          "system" : "http://snomed.info/sct",
          "code" : "712843002",
          "display" : "Allergy to celery"
        },
        {
          "system" : "http://snomed.info/sct",
          "code" : "782575000",
          "display" : "Allergy to lupine seed"
        }]
      }
    }
  },
  {
    "fullUrl" : "http://example.com/fhir/example/ValueSet/vs-ingredient",
    "resource" : {
      "resourceType" : "ValueSet",
      "id" : "vs-ingredient",
      "text" : {
        "status" : "generated",
        "div" : "<div xmlns=\"http://www.w3.org/1999/xhtml\"><p>This value set contains 2 concepts</p><p style=\"border: black 1px dotted; background-color: #EEEEEE; padding: 8px; margin-bottom: 8px\">Expansion based on SNOMED CT International edition 31-Jul 2021</p><p>All codes in this table are from the system <a href=\"http://terminology.hl7.org/3.0.0/CodeSystem-v3-snomed-CT.html\"><code>http://snomed.info/sct</code></a></p><table class=\"codes\"><tr><td style=\"white-space:nowrap\"><b>Code</b></td><td><b>Display</b></td></tr><tr><td style=\"white-space:nowrap\"><a name=\"http---snomed.info-sct-712843002\"> </a><a href=\"http://snomed.info/id/712843002\">712843002</a></td><td>Allergy to celery</td></tr><tr><td style=\"white-space:nowrap\"><a name=\"http---snomed.info-sct-782575000\"> </a><a href=\"http://snomed.info/id/782575000\">782575000</a></td><td>Allergy to lupine seed</td></tr></table></div>"
      },
      "url" : "http://example.com/fhir/example/ValueSet/vs-ingredient",
      "version" : "1.0.0",
      "name" : "VSIngredient",
      "title" : "Marketing Authorization Holder",
      "status" : "active",
      "date" : "2022-02-01T19:36:06+00:00",
      "publisher" : "My Organization",
      "contact" : [{
        "name" : "My Organization",
        "telecom" : [{
          "system" : "url",
          "value" : "http://example.com/committees"
        },
        {
          "system" : "email",
          "value" : "my-group@example.com"
        }]
      },
      {
        "name" : "Bob Smith",
        "telecom" : [{
          "system" : "email",
          "value" : "bobsmith@example.com",
          "use" : "work"
        }]
      }],
      "description" : "Marketing Authorization Holder.",
      "jurisdiction" : [{
        "coding" : [{
          "system" : "http://unstats.un.org/unsd/methods/m49/m49.htm",
          "code" : "001",
          "display" : "World"
        }]
      }],
      "expansion" : {
        "identifier" : "urn:uuid:71d22e0f-ede1-40b4-ada5-6c92f5d3703a",
        "timestamp" : "2022-02-01T19:36:37+00:00",
        "total" : 2,
        "parameter" : [{
          "name" : "excludeNested",
          "valueBoolean" : false
        },
        {
          "name" : "limitedExpansion",
          "valueBoolean" : true
        },
        {
          "name" : "version",
          "valueUri" : "http://snomed.info/sct|http://snomed.info/sct/900000000000207008/version/20210731"
        }],
        "contains" : [{
          "system" : "http://snomed.info/sct",
          "code" : "712843002",
          "display" : "Allergy to celery"
        },
        {
          "system" : "http://snomed.info/sct",
          "code" : "782575000",
          "display" : "Allergy to lupine seed"
        }]
      }
    }
  },
  {
    "fullUrl" : "http://example.com/fhir/example/ValueSet/vs-med-relation-types",
    "resource" : {
      "resourceType" : "ValueSet",
      "id" : "vs-med-relation-types",
      "text" : {
        "status" : "generated",
        "div" : "<div xmlns=\"http://www.w3.org/1999/xhtml\"><p>This value set contains 2 concepts</p><p style=\"border: black 1px dotted; background-color: #EEEEEE; padding: 8px; margin-bottom: 8px\">Expansion based on SNOMED CT International edition 31-Jul 2021</p><p>All codes in this table are from the system <a href=\"http://terminology.hl7.org/3.0.0/CodeSystem-v3-snomed-CT.html\"><code>http://snomed.info/sct</code></a></p><table class=\"codes\"><tr><td style=\"white-space:nowrap\"><b>Code</b></td><td><b>Display</b></td></tr><tr><td style=\"white-space:nowrap\"><a name=\"http---snomed.info-sct-712843002\"> </a><a href=\"http://snomed.info/id/712843002\">712843002</a></td><td>Allergy to celery</td></tr><tr><td style=\"white-space:nowrap\"><a name=\"http---snomed.info-sct-782575000\"> </a><a href=\"http://snomed.info/id/782575000\">782575000</a></td><td>Allergy to lupine seed</td></tr></table></div>"
      },
      "url" : "http://example.com/fhir/example/ValueSet/vs-med-relation-types",
      "version" : "1.0.0",
      "name" : "VSMedRelationTypes",
      "title" : "Marketing Authorization Holder",
      "status" : "active",
      "date" : "2022-02-01T19:36:06+00:00",
      "publisher" : "My Organization",
      "contact" : [{
        "name" : "My Organization",
        "telecom" : [{
          "system" : "url",
          "value" : "http://example.com/committees"
        },
        {
          "system" : "email",
          "value" : "my-group@example.com"
        }]
      },
      {
        "name" : "Bob Smith",
        "telecom" : [{
          "system" : "email",
          "value" : "bobsmith@example.com",
          "use" : "work"
        }]
      }],
      "description" : "Marketing Authorization Holder.",
      "jurisdiction" : [{
        "coding" : [{
          "system" : "http://unstats.un.org/unsd/methods/m49/m49.htm",
          "code" : "001",
          "display" : "World"
        }]
      }],
      "expansion" : {
        "identifier" : "urn:uuid:5a872418-9302-4802-baf4-893a5570892f",
        "timestamp" : "2022-02-01T19:36:37+00:00",
        "total" : 2,
        "parameter" : [{
          "name" : "excludeNested",
          "valueBoolean" : false
        },
        {
          "name" : "limitedExpansion",
          "valueBoolean" : true
        },
        {
          "name" : "version",
          "valueUri" : "http://snomed.info/sct|http://snomed.info/sct/900000000000207008/version/20210731"
        }],
        "contains" : [{
          "system" : "http://snomed.info/sct",
          "code" : "712843002",
          "display" : "Allergy to celery"
        },
        {
          "system" : "http://snomed.info/sct",
          "code" : "782575000",
          "display" : "Allergy to lupine seed"
        }]
      }
    }
  },
  {
    "fullUrl" : "http://example.com/fhir/example/ValueSet/vs-role",
    "resource" : {
      "resourceType" : "ValueSet",
      "id" : "vs-role",
      "text" : {
        "status" : "generated",
        "div" : "<div xmlns=\"http://www.w3.org/1999/xhtml\"><p>This value set contains 2 concepts</p><p style=\"border: black 1px dotted; background-color: #EEEEEE; padding: 8px; margin-bottom: 8px\">Expansion based on SNOMED CT International edition 31-Jul 2021</p><p>All codes in this table are from the system <a href=\"http://terminology.hl7.org/3.0.0/CodeSystem-v3-snomed-CT.html\"><code>http://snomed.info/sct</code></a></p><table class=\"codes\"><tr><td style=\"white-space:nowrap\"><b>Code</b></td><td><b>Display</b></td></tr><tr><td style=\"white-space:nowrap\"><a name=\"http---snomed.info-sct-712843002\"> </a><a href=\"http://snomed.info/id/712843002\">712843002</a></td><td>Allergy to celery</td></tr><tr><td style=\"white-space:nowrap\"><a name=\"http---snomed.info-sct-782575000\"> </a><a href=\"http://snomed.info/id/782575000\">782575000</a></td><td>Allergy to lupine seed</td></tr></table></div>"
      },
      "url" : "http://example.com/fhir/example/ValueSet/vs-role",
      "version" : "1.0.0",
      "name" : "VSRole",
      "title" : "Marketing Authorization Holder",
      "status" : "active",
      "date" : "2022-02-01T19:36:06+00:00",
      "publisher" : "My Organization",
      "contact" : [{
        "name" : "My Organization",
        "telecom" : [{
          "system" : "url",
          "value" : "http://example.com/committees"
        },
        {
          "system" : "email",
          "value" : "my-group@example.com"
        }]
      },
      {
        "name" : "Bob Smith",
        "telecom" : [{
          "system" : "email",
          "value" : "bobsmith@example.com",
          "use" : "work"
        }]
      }],
      "description" : "Marketing Authorization Holder.",
      "jurisdiction" : [{
        "coding" : [{
          "system" : "http://unstats.un.org/unsd/methods/m49/m49.htm",
          "code" : "001",
          "display" : "World"
        }]
      }],
      "expansion" : {
        "identifier" : "urn:uuid:0203ebe3-dd32-44c7-8f50-b33f5a6beff3",
        "timestamp" : "2022-02-01T19:36:37+00:00",
        "total" : 2,
        "parameter" : [{
          "name" : "excludeNested",
          "valueBoolean" : false
        },
        {
          "name" : "limitedExpansion",
          "valueBoolean" : true
        },
        {
          "name" : "version",
          "valueUri" : "http://snomed.info/sct|http://snomed.info/sct/900000000000207008/version/20210731"
        }],
        "contains" : [{
          "system" : "http://snomed.info/sct",
          "code" : "712843002",
          "display" : "Allergy to celery"
        },
        {
          "system" : "http://snomed.info/sct",
          "code" : "782575000",
          "display" : "Allergy to lupine seed"
        }]
      }
    }
  }]
}